Date,Link,Headline,Description
4/9/2021,news.google.com/./articles/CAIiEPU1A49jS3c-rEcUCXsb218qGQgEKhAIACoHCAow4uzwCjCF3bsCMIrOrwM?hl=en-US&gl=US&ceid=US%3Aen,Bitcoin Is Displacing Gold as an Inflation Hedge,The digital asset's increasing scale has made it a more viable competitor to the traditional protector against currency debasement.
4/9/2021,news.google.com/./articles/CBMigAFodHRwczovL25haXJhbWV0cmljcy5jb20vMjAyMS8wNC8wOS9tZWV0LXRoZS1iaWxsaW9uYWlyZS10d2lucy13aG8tYm91Z2h0LTEwbS13b3J0aC1vZi1iaXRjb2luLXdoZW4taXQtc3RpbGwtc29sZC1mb3IlRTIlODAlQUY4L9IBAA?hl=en-US&gl=US&ceid=US%3Aen,Meet the billionaire twins who bought $10m worth of Bitcoin when it still sold for $8,The two identical twins who were crazy enough to invest heavily into cryptocurrency. The twins started investing in Bitcoin as early as 2012.
4/9/2021,news.google.com/./articles/CBMiXWh0dHBzOi8vd3d3LmZvb2wuY29tL2ludmVzdGluZy8yMDIxLzA0LzA5L2NvaW5iYXNlLWlwby1pcy1uZXh0LXdlZWstaGVyZXMtZXZlcnl0aGluZy15b3UtbmVlL9IBYWh0dHBzOi8vd3d3LmZvb2wuY29tL2FtcC9pbnZlc3RpbmcvMjAyMS8wNC8wOS9jb2luYmFzZS1pcG8taXMtbmV4dC13ZWVrLWhlcmVzLWV2ZXJ5dGhpbmcteW91LW5lZS8?hl=en-US&gl=US&ceid=US%3Aen,Coinbase's IPO Is Next Week: Here's Everything You Need to Know,"One of the most high-profile public listings to hit the market this year will no doubt be Coinbase Global, the leading cryptocurrency exchange in the U.S. ..."
4/9/2021,news.google.com/./articles/CBMiQ2h0dHBzOi8vZmluYW5jZS55YWhvby5jb20vbmV3cy9uby1zdGltbXktcmFsbHktd2h5LTEtMTEwMDAwMzI2Lmh0bWzSAUtodHRwczovL2ZpbmFuY2UueWFob28uY29tL2FtcGh0bWwvbmV3cy9uby1zdGltbXktcmFsbHktd2h5LTEtMTEwMDAwMzI2Lmh0bWw?hl=en-US&gl=US&ceid=US%3Aen,"No 'Stimmy' Rally: Why the $1,400 Checks Brought So Little Bitcoin Stimulus","U.S. cryptocurrency exchanges say they've begun to see an uptick in customers buying bitcoin (BTC) or other digital tokens with their $1,400 stimulus checks ..."
4/7/2021,news.google.com/./articles/CAIiEFDQgM32CbmOpXdZaOdn6jkqFQgEKg0IACoGCAowrqkBMKBFMLKAAg?hl=en-US&gl=US&ceid=US%3Aen,"Coinbase, Bitcoin, And Some Longer Term Implications Of Coinbase Going Public","The upcoming direct listing of Coinbase is making many well-deserved headlines, but let's take a look at a few of the longer term implications that could result ..."
4/9/2021,news.google.com/./articles/CBMiVWh0dHBzOi8vY2EuZmluYW5jZS55YWhvby5jb20vbmV3cy90aGluay1iaXRjb2luLWJvdW5jZS1oaXZlLWJsb2NrY2hhaW4tMTIwMDU4MDI2Lmh0bWzSAV1odHRwczovL2NhLmZpbmFuY2UueWFob28uY29tL2FtcGh0bWwvbmV3cy90aGluay1iaXRjb2luLWJvdW5jZS1oaXZlLWJsb2NrY2hhaW4tMTIwMDU4MDI2Lmh0bWw?hl=en-US&gl=US&ceid=US%3Aen,Think Bitcoin Will Bounce? HIVE Blockchain Stock May Be the Horse to Bet On,HIVE Blockchain stock (TSXV:HIVE) may be a better way to trade Bitcoin and cryptocurrencies if you think the momentum will continue through 2021. The post ...
4/9/2021,news.google.com/./articles/CBMiSmh0dHBzOi8vd3d3LnRoZXN0cmVldC5jb20vY3J5cHRvL2JpdGNvaW4vYml0Y29pbi1ldGYtd2hhdC15b3UtbmVlZC10by1rbm930gFPaHR0cHM6Ly93d3cudGhlc3RyZWV0LmNvbS9jcnlwdG8vLmFtcC9iaXRjb2luL2JpdGNvaW4tZXRmLXdoYXQteW91LW5lZWQtdG8ta25vdw?hl=en-US&gl=US&ceid=US%3Aen,Bitcoin ETFs: When They Come Out and What You Need to Know,A Bitcoin ETF could be around the corner. Here's how it could change Bitcoin and what you need to know.
4/6/2021,news.google.com/./articles/CAIiEMIZOUOTy-cQAs5nOqeCz4EqGQgEKhAIACoHCAow4uzwCjCF3bsCMIrOrwM?hl=en-US&gl=US&ceid=US%3Aen,Bitcoin (BTC USD) Cryptocurrency Price: Singapore Warns Public Against Crypto,"Mining devices at the CryptoUniverse cryptocurrency mining farm in Nadvoitsy, Russia. Photographer: Andrey Rudakov/Bloomberg"
4/7/2021,news.google.com/./articles/CBMiTmh0dHBzOi8vZmluYW5jZS55YWhvby5jb20vbmV3cy9yaXBwbGUtY3RvLWV2aWRlbmNlLXN1Z2dlc3RzLXhycC0yMTA2MTA4NDguaHRtbNIBVmh0dHBzOi8vZmluYW5jZS55YWhvby5jb20vYW1waHRtbC9uZXdzL3JpcHBsZS1jdG8tZXZpZGVuY2Utc3VnZ2VzdHMteHJwLTIxMDYxMDg0OC5odG1s?hl=en-US&gl=US&ceid=US%3Aen,"Ripple CTO: 'All the Evidence' Suggests XRP and Bitcoin Are Similar, Contrary to SEC","The chief technology officer (CTO) of Ripple, David Schwartz, said on CoinDesk TV that “all the evidence” suggests bitcoin and XRP are similar despite ..."
4/7/2021,news.google.com/./articles/CAIiEDotsG4KsB4LXzFBYsTmr_8qFggEKg4IACoGCAowxLQ_MNevCDD45Co?hl=en-US&gl=US&ceid=US%3Aen,Bitcoin boom minted nine new cryptocurrency billionaires in one year,"NEW DELHI: From the 40% plunge in a day to below $5,000 on 11 March 2020, Bitcoin has come a long way to hit its all-time high of $61,711.87 on 13 March ..."
4/9/2021,news.google.com/./articles/CBMiXWh0dHBzOi8vd3d3LmZvb2wuY29tL2ludmVzdGluZy8yMDIxLzA0LzA5L3RoZS1zdG9jay1tYXJrZXQtdnMtYml0Y29pbi1maW5lLWFydC10cmFkaW5nLWNhcmRzL9IBYWh0dHBzOi8vd3d3LmZvb2wuY29tL2FtcC9pbnZlc3RpbmcvMjAyMS8wNC8wOS90aGUtc3RvY2stbWFya2V0LXZzLWJpdGNvaW4tZmluZS1hcnQtdHJhZGluZy1jYXJkcy8?hl=en-US&gl=US&ceid=US%3Aen,"The Stock Market vs. Bitcoin, Fine Art, and Trading Cards",Here's why the stock market is the best asset class for generating long-term wealth.
4/7/2021,news.google.com/./articles/CBMiTWh0dHBzOi8vZmluYW5jZS55YWhvby5jb20vbmV3cy9iaXRjb2luLWRyb3BzLTYta29yZWEtc2hyaW5raW5nLTA5MDExMzE5OS5odG1s0gFVaHR0cHM6Ly9maW5hbmNlLnlhaG9vLmNvbS9hbXBodG1sL25ld3MvYml0Y29pbi1kcm9wcy02LWtvcmVhLXNocmlua2luZy0wOTAxMTMxOTkuaHRtbA?hl=en-US&gl=US&ceid=US%3Aen,"Bitcoin Drops 6% in Korea, Shrinking the 'Kimchi Premium'","Bitcoin's “kimchi premium,” or the difference between prices on South Korean exchanges and other global avenues, declined on Wednesday as the ..."
4/7/2021,news.google.com/./articles/CAIiEArbLoeECAo8UgBWEyam0pcqEwgEKgwIACoFCAowgHkwoBEwwjU?hl=en-US&gl=US&ceid=US%3Aen,"Why Marathon Digital, Riot Blockchain, and The9 Stocks Were All Down Today","Bitcoin (CRYPTO:BTC), the world's most valuable cryptocurrency by market cap, hit its lowest price in over a week on Wednesday. According to CoinDesk, the ..."
4/5/2021,news.google.com/./articles/CAIiEEiUxOiDVt-QH6BTfIXHp_MqFQgEKg0IACoGCAowrqkBMKBFMLKAAg?hl=en-US&gl=US&ceid=US%3Aen,Sacramento Kings Will Offer Bitcoin As Salary To Players,"Vivek Ranadivé, the Chairman, CEO, and Governor of the Sacramento Kings, announced this evening on Clubhouse that everyone in his organization could ..."
4/6/2021,news.google.com/./articles/CBMiUWh0dHBzOi8vZmluYW5jZS55YWhvby5jb20vbmV3cy9tYXJrZXQtd3JhcC1iaXRjb2luLWZ1dHVyZXMtcHJlbWl1bS0yMDMyMDg0MzYuaHRtbNIBWWh0dHBzOi8vZmluYW5jZS55YWhvby5jb20vYW1waHRtbC9uZXdzL21hcmtldC13cmFwLWJpdGNvaW4tZnV0dXJlcy1wcmVtaXVtLTIwMzIwODQzNi5odG1s?hl=en-US&gl=US&ceid=US%3Aen,Market Wrap: Bitcoin Futures Premium Rises Again Despite Bitcoin's Relatively Flat Performance,Bitcoin traders are increasing their bullish bets in futures markets – and taking more risk.
4/2/2021,news.google.com/./articles/CAIiEFQjzUIsgfytvEhzcY33q3sqMwgEKioIACIQ0Ngsl2gD7MGd8AM_3BYR7ioUCAoiENDYLJdoA-zBnfADP9wWEe4wk43JBg?hl=en-US&gl=US&ceid=US%3Aen,Crypto credit cards are catching on,Visa made a splash when it announced it will begin directly accepting a cryptocurrency for some transactions. Are crypto credit cards the next big thing?
4/7/2021,news.google.com/./articles/CBMiT2h0dHBzOi8vZmluYW5jZS55YWhvby5jb20vbmV3cy9zcXVhcmUtY3J5cHRvLWdyYW50LWZ1bmRzLXBvcHVsYXItMTgzNzQwOTU4Lmh0bWzSAVdodHRwczovL2ZpbmFuY2UueWFob28uY29tL2FtcGh0bWwvbmV3cy9zcXVhcmUtY3J5cHRvLWdyYW50LWZ1bmRzLXBvcHVsYXItMTgzNzQwOTU4Lmh0bWw?hl=en-US&gl=US&ceid=US%3Aen,Square Crypto's New Grant Funds Popular Bitcoin Blockchain Explorer,"Square Crypto and Gemini have doled out yet another grant, this time to two pseudonymous developers who maintain one of the most popular Bitcoin block ..."
4/6/2021,news.google.com/./articles/CBMiV2h0dHBzOi8vZmluYW5jZS55YWhvby5jb20vbmV3cy9zY2FyYW11Y2NpLWJpdGNvaW4tYXBleC1wcmVkYXRvci1ldGhlcmV1bS0wMTQ3MjgwODEuaHRtbNIBX2h0dHBzOi8vZmluYW5jZS55YWhvby5jb20vYW1waHRtbC9uZXdzL3NjYXJhbXVjY2ktYml0Y29pbi1hcGV4LXByZWRhdG9yLWV0aGVyZXVtLTAxNDcyODA4MS5odG1s?hl=en-US&gl=US&ceid=US%3Aen,"Scaramucci: Bitcoin Is The Apex Predator, But Ethereum Will Be The Actual Store Of Value","Anthony Scaramucci, known Bitcoin proponent heading global investment firm SkyBridge Capital, believes that the future of the digital asset in investment ..."
4/5/2021,news.google.com/./articles/CBMiVmh0dHBzOi8vd3d3LnZpc3VhbGNhcGl0YWxpc3QuY29tL3doeS10aGUtbWFya2V0LWlzLXRoaW5raW5nLWFib3V0LWJpdGNvaW4tZGlmZmVyZW50bHkv0gEA?hl=en-US&gl=US&ceid=US%3Aen,Why the Market is Thinking About Bitcoin Differently,"Today's bitcoin holders are increasingly focused on the long term, compared to the past. Here's how bitcoin investor behavior has evolved."
4/7/2021,news.google.com/./articles/CBMiU2h0dHBzOi8vY2EuZmluYW5jZS55YWhvby5jb20vbmV3cy9hbGVydC1oaXZlLWJsb2NrY2hhaW4tc2Vlcy1iaXRjb2luLTE1MzAwMDc0MS5odG1s0gFbaHR0cHM6Ly9jYS5maW5hbmNlLnlhaG9vLmNvbS9hbXBodG1sL25ld3MvYWxlcnQtaGl2ZS1ibG9ja2NoYWluLXNlZXMtYml0Y29pbi0xNTMwMDA3NDEuaHRtbA?hl=en-US&gl=US&ceid=US%3Aen,Alert! Hive Blockchain Sees Bitcoin and Ethereum Portfolio Grow 300% in 3 Months,"Here's how many Bitcoin and Ethereum coins Hive Blockchain Technologies (TSXV:HIVE) had in its wallets at March 31, 2021. The post Alert! Hive Blockchain ..."
4/1/2021,news.google.com/./articles/CAIiEKKZEHMq3HEtdEY8xTY9iwkqFQgEKg0IACoGCAowrqkBMKBFMLKAAg?hl=en-US&gl=US&ceid=US%3Aen,Will CME's New Micro Bitcoin Futures Contracts Leapfrog Bitcoin ETF Efforts?,"Leading derivatives exchange CME Group announced this week the planned launch of micro bitcoin futures (ticker MBT) on May 3, pending regulatory approval, ..."
4/7/2021,news.google.com/./articles/CBMiYWh0dHBzOi8vd3d3LnRoZXJlZ3Jldmlldy5vcmcvMjAyMS8wNC8wNy9lbWFtaWFuLWNvd2JveS1zdGF0ZS10YW1lcy1iaXRjb2lucy1yZWd1bGF0b3J5LXdpbGQtd2VzdC_SAQA?hl=en-US&gl=US&ceid=US%3Aen,The Cowboy State Tames Bitcoin's Regulatory Wild West,"Wyoming has unleashed the Kraken. In 2020, Kraken, a platform for exchanging cryptocurrencies such as Bitcoin, became the first cryptocurrency company to ..."
4/7/2021,news.google.com/./articles/CBMiU2h0dHBzOi8vZmluYW5jZS55YWhvby5jb20vbmV3cy9jYXJ1c28tcHJvcGVydGllcy1hY2NlcHQtYml0Y29pbi1yZW50LTIwNTUxODMyOC5odG1s0gFbaHR0cHM6Ly9maW5hbmNlLnlhaG9vLmNvbS9hbXBodG1sL25ld3MvY2FydXNvLXByb3BlcnRpZXMtYWNjZXB0LWJpdGNvaW4tcmVudC0yMDU1MTgzMjguaHRtbA?hl=en-US&gl=US&ceid=US%3Aen,"Caruso Properties to Accept Bitcoin for Rent, Allocates 1% of Treasury to Asset",The move makes Caruso the largest real estate manager to accept bitcoin for payment.
4/3/2021,news.google.com/./articles/CAIiEJa4QqvGEhwe1vAYSYfjnvIqGQgEKhAIACoHCAow4uzwCjCF3bsCMIrOrwM?hl=en-US&gl=US&ceid=US%3Aen,"Ether Reaches Record After Visa Move, Mark Cuban Comments","A coin representing Ethereum cryptocurrency sits reflected on a polished surface and photographed against a computer circuit board in this arranged photograph in London, U.K., on Thursday, Feb. 8, 2018. Cryptocurrencies tracked by Coinmarketcap.com have lost more than $500 billion of market value since early January as governments clamped down, credit-card issuers halted purchases and investors grew increasingly concerned that last year's meteoric rise in digital assets was unjustified. Photographer: Luke MacGregor/Bloomberg"
4/6/2021,news.google.com/./articles/CBMiT2h0dHBzOi8vd3d3Lmdsb3NzeS5jby9iZWF1dHkvdGhlLWJlYXV0eS1pbmR1c3RyeS1pcy1zdGFydGluZy10by1iZXQtb24tYml0Y29pbi_SAVNodHRwczovL3d3dy5nbG9zc3kuY28vYmVhdXR5L3RoZS1iZWF1dHktaW5kdXN0cnktaXMtc3RhcnRpbmctdG8tYmV0LW9uLWJpdGNvaW4vYW1wLw?hl=en-US&gl=US&ceid=US%3Aen,The beauty industry is starting to bet on bitcoin,Lolli is a Rakuten-esque platform that gives portions of bitcoin as online shopping rewards rather than money.
4/2/2021,news.google.com/./articles/CBMiT2h0dHBzOi8vZmluYW5jZS55YWhvby5jb20vbmV3cy9iaXRjb2luLWRyb3Atdm9sYXRpbGl0eS1tYXktYm9vc3QtMTAyMzE2NTE0Lmh0bWzSAVdodHRwczovL2ZpbmFuY2UueWFob28uY29tL2FtcGh0bWwvbmV3cy9iaXRjb2luLWRyb3Atdm9sYXRpbGl0eS1tYXktYm9vc3QtMTAyMzE2NTE0Lmh0bWw?hl=en-US&gl=US&ceid=US%3Aen,"Bitcoin's Drop in Volatility May Boost Appeal, Make $130K Possible, JPMorgan Says: Report",The U.S. banking giant said the declining volatility of the cryptocurrency could boost its appeal to institutional investors.
4/5/2021,news.google.com/./articles/CBMiTmh0dHBzOi8vZmluYW5jZS55YWhvby5jb20vbmV3cy9jb2luYmFzZS1iYWtrdC1iZWhpbmQtcGF1bC10dWRvci0yMjI3MzA1MzIuaHRtbNIBVmh0dHBzOi8vZmluYW5jZS55YWhvby5jb20vYW1waHRtbC9uZXdzL2NvaW5iYXNlLWJha2t0LWJlaGluZC1wYXVsLXR1ZG9yLTIyMjczMDUzMi5odG1s?hl=en-US&gl=US&ceid=US%3Aen,"Coinbase and Bakkt Are Behind Paul Tudor Jones' Bitcoin Bets, SEC Documents Show","When Paul Tudor Jones bet 1% to 2% of his assets on bitcoin in May it was unclear where the billionaire had bought his crypto, or how. The industry remained ..."
4/7/2021,news.google.com/./articles/CBMiTWh0dHBzOi8vZmluYW5jZS55YWhvby5jb20vbmV3cy9iaXRjb2luLXN0aWxsLXN1cHBvcnQtbG9uZy10ZXJtLTE2NTMyNjI0NS5odG1s0gFVaHR0cHM6Ly9maW5hbmNlLnlhaG9vLmNvbS9hbXBodG1sL25ld3MvYml0Y29pbi1zdGlsbC1zdXBwb3J0LWxvbmctdGVybS0xNjUzMjYyNDUuaHRtbA?hl=en-US&gl=US&ceid=US%3Aen,"Bitcoin Still Has Support From Long-Term Uptrend, Says Technical Analyst Katie Stockton","Bitcoin's (BTC) month-long consolidation between $50,000 and $60,000 reflects a tug of war between buyers and sellers. But from a long-term perspective, the ..."
4/5/2021,news.google.com/./articles/CBMiUWh0dHBzOi8vZmluYW5jZS55YWhvby5jb20vbmV3cy9taWNyb3N0cmF0ZWd5LWJ1eXMtMTVtLW1vcmUtYml0Y29pbi0xMjI2MTk4NjAuaHRtbNIBWWh0dHBzOi8vZmluYW5jZS55YWhvby5jb20vYW1waHRtbC9uZXdzL21pY3Jvc3RyYXRlZ3ktYnV5cy0xNW0tbW9yZS1iaXRjb2luLTEyMjYxOTg2MC5odG1s?hl=en-US&gl=US&ceid=US%3Aen,MicroStrategy Buys $15M More of Bitcoin,"MicroStrategy, the business intelligence firm that has made bitcoin its main treasury reserve, said it purchased about 253 more of the leading cryptocurrency for ..."
4/5/2021,news.google.com/./articles/CBMiWWh0dHBzOi8vZmluYW5jZS55YWhvby5jb20vbmV3cy9tYXJhdGhvbi1kaWdpdGFsLWhvbGRpbmdzLWFubm91bmNlcy1iaXRjb2luLTEyMTUwMDI1OS5odG1s0gFhaHR0cHM6Ly9maW5hbmNlLnlhaG9vLmNvbS9hbXBodG1sL25ld3MvbWFyYXRob24tZGlnaXRhbC1ob2xkaW5ncy1hbm5vdW5jZXMtYml0Y29pbi0xMjE1MDAyNTkuaHRtbA?hl=en-US&gl=US&ceid=US%3Aen,Marathon Digital Holdings Announces Bitcoin Production and Mining Operation Updates for the First Quarter of 2021,196 Bitcoins Produced During the First Quarter of 2021 Increases Total Bitcoin Holdings to Approximately 5134.2 BTC Projected Hashrate Projected Hashrate ...
4/2/2021,news.google.com/./articles/CBMiWGh0dHBzOi8vd3d3LmZvb2wuY29tL3RoZS1hc2NlbnQvYnV5aW5nLXN0b2Nrcy9hcnRpY2xlcy81LXN0ZXBzLXRvLXNhZmVseS1idXlpbmctYml0Y29pbi_SAVxodHRwczovL3d3dy5mb29sLmNvbS90aGUtYXNjZW50L2FtcC9idXlpbmctc3RvY2tzL2FydGljbGVzLzUtc3RlcHMtdG8tc2FmZWx5LWJ1eWluZy1iaXRjb2luLw?hl=en-US&gl=US&ceid=US%3Aen,5 Steps to Safely Buying Bitcoin,Buying Bitcoin is different from buying stocks and shares. It's a less established and less regulated investment. Here are five steps to reduce your risk.
4/6/2021,news.google.com/./articles/CBMiUmh0dHBzOi8vZmluYW5jZS55YWhvby5jb20vbmV3cy9iaXRjb2luLWhhc2hyYXRlLXN1cnBhc3Nlcy10aW1lLWhpZ2gtMTkwOTMwNjg0Lmh0bWzSAVpodHRwczovL2ZpbmFuY2UueWFob28uY29tL2FtcGh0bWwvbmV3cy9iaXRjb2luLWhhc2hyYXRlLXN1cnBhc3Nlcy10aW1lLWhpZ2gtMTkwOTMwNjg0Lmh0bWw?hl=en-US&gl=US&ceid=US%3Aen,Bitcoin Hashrate Surpasses All-Time High as Even 2014 ASICs Stay Profitable,Bitcoin's hashrate is moving with the crypto's price as old and new mining machines come online.
4/6/2021,news.google.com/./articles/CBMiUGh0dHBzOi8vZmluYW5jZS55YWhvby5jb20vbmV3cy9iaXRjb2luLXJhbmdlYm91bmQtc3VwcG9ydC1uZWFyLTU3LTExMjY0MDY3OS5odG1s0gFYaHR0cHM6Ly9maW5hbmNlLnlhaG9vLmNvbS9hbXBodG1sL25ld3MvYml0Y29pbi1yYW5nZWJvdW5kLXN1cHBvcnQtbmVhci01Ny0xMTI2NDA2NzkuaHRtbA?hl=en-US&gl=US&ceid=US%3Aen,"Bitcoin Rangebound With Support Near $57,900","Bitcoin (BTC) traded lower during Asia hours as buyers took profit near the $59,000 resistance zone. But selling pressure was limited near $57,900 support."
4/7/2021,news.google.com/./articles/CBMiXWh0dHBzOi8vd3d3LmZvb2wuY29tL2ludmVzdGluZy8yMDIxLzA0LzA3L2hvdy1sb25nLXdpbGwtaXQtdGFrZS1iZWZvcmUtYml0Y29pbi1hY2hpZXZlcy1tYXNzL9IBYWh0dHBzOi8vd3d3LmZvb2wuY29tL2FtcC9pbnZlc3RpbmcvMjAyMS8wNC8wNy9ob3ctbG9uZy13aWxsLWl0LXRha2UtYmVmb3JlLWJpdGNvaW4tYWNoaWV2ZXMtbWFzcy8?hl=en-US&gl=US&ceid=US%3Aen,How Long Will It Take Before Bitcoin Achieves Mass Adoption?,"Bitcoin (CRYPTO:BTC) has certainly come a long way in just over a decade in existence, but quite frankly, we're not even close to achieving mass adoption of ..."
4/6/2021,news.google.com/./articles/CBMiVmh0dHBzOi8vd3d3LmNoYW5uZWxuZXdzYXNpYS5jb20vbmV3cy9idXNpbmVzcy9iaXRjb2luLWJvb20tb3ItYnVzdC1tb25leS1taW5kLTE0MjE3NDEy0gEA?hl=en-US&gl=US&ceid=US%3Aen,Bitcoin: Boom or bust?,Bitcoin has been on a rollercoaster ride over the past few months. What do you need to know if you're thinking of investing in the cryptocurrency?
4/9/2021,news.google.com/./articles/CBMiTWh0dHBzOi8vd3d3LmZvb2wuY29tL2ludmVzdGluZy8yMDIxLzA0LzA5LzMtdW51c3VhbC1ncm93dGgtc3RvY2tzLXRvLWJ1eS1ub3cv0gFRaHR0cHM6Ly93d3cuZm9vbC5jb20vYW1wL2ludmVzdGluZy8yMDIxLzA0LzA5LzMtdW51c3VhbC1ncm93dGgtc3RvY2tzLXRvLWJ1eS1ub3cv?hl=en-US&gl=US&ceid=US%3Aen,3 Unusual Growth Stocks to Buy Now,"They may not be the most obvious picks, but they could be quite rewarding down the line."
4/6/2021,news.google.com/./articles/CBMiV2h0dHBzOi8vZmluYW5jZS55YWhvby5jb20vbmV3cy9maW5hbC10YXByb290LWFjdGl2YXRpb24tc3BlY2lmaWNzLWNob3Nlbi0wMjM1Mjc5ODcuaHRtbNIBX2h0dHBzOi8vZmluYW5jZS55YWhvby5jb20vYW1waHRtbC9uZXdzL2ZpbmFsLXRhcHJvb3QtYWN0aXZhdGlvbi1zcGVjaWZpY3MtY2hvc2VuLTAyMzUyNzk4Ny5odG1s?hl=en-US&gl=US&ceid=US%3Aen,Final Taproot Activation Specifics Chosen With a Bitcoin Blockchain 'Coin Toss',"Bitcoin developers couldn't settle on the specifics of Taproot's activation, so they used a “coin toss” on the Bitcoin blockchain this Tuesday to wrap up activation ..."
4/2/2021,news.google.com/./articles/CAIiEFDU7opsz2qH90ImYOLxoDsqFggEKg4IACoGCAowxLQ_MNevCDD45Co?hl=en-US&gl=US&ceid=US%3Aen,"Ethereum tops $2,000 to hit six-week high; bitcoin struggles to hold $60,000","Price of the world's second-biggest cryptocurrency, ethereum, regained the $2,000 level for the first time since 20 February, as altcoins took advantage of the ..."
4/1/2021,news.google.com/./articles/CBMiUGh0dHBzOi8vZmluYW5jZS55YWhvby5jb20vbmV3cy9iaXRjb2luLWRvbWluYW5jZS1yYXRlLWJ0Y2QtbmVhcmx5LTEwMDAwMDY3OS5odG1s0gFYaHR0cHM6Ly9maW5hbmNlLnlhaG9vLmNvbS9hbXBodG1sL25ld3MvYml0Y29pbi1kb21pbmFuY2UtcmF0ZS1idGNkLW5lYXJseS0xMDAwMDA2NzkuaHRtbA?hl=en-US&gl=US&ceid=US%3Aen,Bitcoin Dominance Rate (BTCD) Nearly Crashes Through Support,Both technical indicators and the price movement support a continuation of the drop in bitcoin dominance. Long-Term BTCD Drop The BTCD has been moving ...
4/6/2021,news.google.com/./articles/CAIiEGxTQBD-jUlKHSTC42lJboAqGQgEKhAIACoHCAow4uzwCjCF3bsCMNGAygM?hl=en-US&gl=US&ceid=US%3Aen,Bitcoin (BTC USD) Cryptocurrency Price News: Former Goldman Boss Joins Talos,"Mining rigs mine the Ethereum and Zilliqa cryptocurrencies at the Evobits crypto farm in Cluj-Napoca, Romania, on Wednesday, Jan. 22, 2021. The world's second-most-valuable cryptocurrency, Ethereum, rallied 75% this year, outpacing its larger rival Bitcoin. Photographer: Akos Stiller/Bloomberg"
4/9/2021,news.google.com/./articles/CBMiSmh0dHBzOi8vd3d3LnRoZXN0cmVldC5jb20vY3J5cHRvL2JpdGNvaW4vYml0Y29pbi1ldGYtd2hhdC15b3UtbmVlZC10by1rbm930gFPaHR0cHM6Ly93d3cudGhlc3RyZWV0LmNvbS9jcnlwdG8vLmFtcC9iaXRjb2luL2JpdGNvaW4tZXRmLXdoYXQteW91LW5lZWQtdG8ta25vdw?hl=en-US&gl=US&ceid=US%3Aen,Bitcoin ETFs: When They Come Out and What You Need to Know,A Bitcoin ETF could be around the corner. Here's how it could change Bitcoin and what you need to know.
4/9/2021,news.google.com/./articles/CBMiTmh0dHBzOi8vZmluYW5jZS55YWhvby5jb20vbmV3cy9iaW5hbmNlLWNvaW4tYm5iLXdoeS1pbnRlcmVzdGluZy0xMTAwNDkyNTQuaHRtbNIBVmh0dHBzOi8vZmluYW5jZS55YWhvby5jb20vYW1waHRtbC9uZXdzL2JpbmFuY2UtY29pbi1ibmItd2h5LWludGVyZXN0aW5nLTExMDA0OTI1NC5odG1s?hl=en-US&gl=US&ceid=US%3Aen,Binance Coin (BNB): Why It's So Interesting to the Cryptocurrency World,"Cryptocurrency is red hot, but if you're looking to get in on the action, you can't buy it on the stock market through a standard brokerage account like you would ..."
4/9/2021,news.google.com/./articles/CBMiZWh0dHBzOi8vd3d3LmJhcnJvbnMuY29tL2FydGljbGVzL2h1Z2UtY29pbmJhc2UtZmlyc3QtcXVhcnRlci1zZXRzLXN0YWdlLWZvci1pcG8tbmV4dC13ZWVrLTUxNjE3OTc1MDYw0gFpaHR0cHM6Ly93d3cuYmFycm9ucy5jb20vYW1wL2FydGljbGVzL2h1Z2UtY29pbmJhc2UtZmlyc3QtcXVhcnRlci1zZXRzLXN0YWdlLWZvci1pcG8tbmV4dC13ZWVrLTUxNjE3OTc1MDYw?hl=en-US&gl=US&ceid=US%3Aen,Huge Coinbase First Quarter Sets Stage for IPO Next Week,"Coinbase, which just reported a near-850% surge in first-quarter revenue, is benefiting from its early entrance in the crypto market, said Devin Ryan, a director of ..."
4/9/2021,news.google.com/./articles/CBMiX2h0dHBzOi8vcGl0Y2hib29rLmNvbS9uZXdzL2FydGljbGVzL2NyeXB0by1zdGFydHVwcy1wb3N0LXJlY29yZC1xdWFydGVyLWFzLW9wcG9ydHVuaXRpZXMtYWJvdW5k0gEA?hl=en-US&gl=US&ceid=US%3Aen,Crypto startups post record quarter as opportunities abound,"After a yearslong winter for digital currencies, it's spring fever for blockchain deals."
4/9/2021,news.google.com/./articles/CBMimQFodHRwczovL3d3dy5iZW56aW5nYS5jb20vbWFya2V0cy9jcnlwdG9jdXJyZW5jeS8yMS8wNC8yMDU1MDk2MC9iaXRjb2luLWNyZWVwcy1iYWNrLXRvd2FyZHMtNjAtMDAwLW1hcmstYXMtcm9iaW5ob29kLWtyYWtlbi1udW1iZXJzLWluZGljYXRlLWNyeXB0by1mcmVuennSAS1odHRwczovL2FtcC5iZW56aW5nYS5jb20vYW1wL2NvbnRlbnQvMjA1NTA5NjA?hl=en-US&gl=US&ceid=US%3Aen,"Bitcoin Creeps Back Toward $60,000 Mark As Robinhood, Kraken Numbers Indicate Crypto Frenzy Here To Stay",Major cryptocurrencies traded in the green on Thursday night at press time with.
4/9/2021,news.google.com/./articles/CAIiELqO8q5nAHvs1VMM2fVGuNUqEwgEKgwIACoFCAowgHkwoBEwwjU?hl=en-US&gl=US&ceid=US%3Aen,11 Things to Look for in a Cryptocurrency Exchange,Trying to choose a cryptocurrency exchange? Look for these features to choose the right platform for your investments.
4/9/2021,news.google.com/./articles/CAIiEKXl6BdvTvyg-Ck1cYJvKAkqGQgEKhAIACoHCAowxZacCzDZoLQDMNv74wY?hl=en-US&gl=US&ceid=US%3Aen,Inside Sweden's ambitious plan to turn the krona into a digital currency—and fend off the rise of crypto coins,Mikael Sjoberg—Bloomberg/Getty Images
4/9/2021,news.google.com/./articles/CBMiV2h0dHBzOi8vd3d3LmZpbmV4dHJhLmNvbS9ibG9ncG9zdGluZy8yMDE0NS9pbnZlc3RpbmctaW4tY3J5cHRvLW9uLXRoZS1uYXR1cmUtb2Ytc3Rha2luZ9IBAA?hl=en-US&gl=US&ceid=US%3Aen,Investing In Crypto: On The Nature of Staking - Finextra,"Staking is an important element of the current stage of blockchain development. The staked coins are delegated to a node, which takes part in the governance of ..."
4/9/2021,news.google.com/./articles/CBMiTmh0dHBzOi8vd3d3LmV0ZnRyZW5kcy5jb20vY3J5cHRvLWNoYW5uZWwvYXMtcm9iaW5ob29kLXNob3dzLW5vLWRlbnlpbmctY3J5cHRvL9IBUmh0dHBzOi8vd3d3LmV0ZnRyZW5kcy5jb20vY3J5cHRvLWNoYW5uZWwvYXMtcm9iaW5ob29kLXNob3dzLW5vLWRlbnlpbmctY3J5cHRvL2FtcC8?hl=en-US&gl=US&ceid=US%3Aen,Robinhood Shows There's No Denying the Popularity of Crypto,"Bitcoin is the largest digital currency, but there's ample appetite for the crypto universe at large, as confirmed by data from brokerage Robinhood."
4/9/2021,news.google.com/./articles/CBMiN2h0dHBzOi8vZGFpbHkuanN0b3Iub3JnL3doYXRzLXRoZS1kZWFsLXdpdGgtY3J5cHRvLWFydC_SAQA?hl=en-US&gl=US&ceid=US%3Aen,What's the Deal with Crypto Art?,"The whole subject of crypto technology can seem surreal, esoteric, almost comically futuristic. So when a digital file built on blockchain technology sells at ..."
4/7/2021,news.google.com/./articles/CAIiEIXYG4WUWoRm_Od_xQ20YegqGQgEKhAIACoHCAow4uzwCjCF3bsCMIrOrwM?hl=en-US&gl=US&ceid=US%3Aen,Binance CEO Goes All-in on Tokens: 'I Just Want to Keep Crypto',Featured in the April/May issue of Bloomberg Markets Illustration: Dani Choi for Bloomberg Markets
4/6/2021,news.google.com/./articles/CAIiEMIZOUOTy-cQAs5nOqeCz4EqGQgEKhAIACoHCAow4uzwCjCF3bsCMIrOrwM?hl=en-US&gl=US&ceid=US%3Aen,Bitcoin (BTC USD) Cryptocurrency Price: Singapore Warns Public Against Crypto,"Mining devices at the CryptoUniverse cryptocurrency mining farm in Nadvoitsy, Russia. Photographer: Andrey Rudakov/Bloomberg"
4/9/2021,news.google.com/./articles/CBMiamh0dHBzOi8vd3d3LmJpempvdXJuYWxzLmNvbS9hdXN0aW4vbmV3cy8yMDIxLzA0LzA5L2NvaW5iYXNlLWVhcmx5LWludmVzdG9yLWV4cGVjdHMtbWFueS1vZi1jcnlwdG8tcy1mLmh0bWzSAQA?hl=en-US&gl=US&ceid=US%3Aen,"Austin, Miami put up as hot spots for cryptocurrency","Asked whether Miami and Austin are the leading cities for crypto startups in the United States, a major investor said, “Without a doubt.”"
4/9/2021,news.google.com/./articles/CAIiEIGjmCAjo4hgVspJduUaG8EqFwgEKg8IACoHCAow-4fWBzD4z0gwwtp6?hl=en-US&gl=US&ceid=US%3Aen,Auction house sales to test collectors' appetite for crypto-art,The hype around crypto-art will be put to the test next week when two of the world's leading auction houses launch their first sales of digital tokens. Sales of ...
4/6/2021,news.google.com/./articles/CBMiYGh0dHBzOi8vd3d3LnRoaW5rYWR2aXNvci5jb20vMjAyMS8wNC8wNi9maWRlbGl0eS1vdGhlci1pbnZlc3RtZW50LWZpcm1zLWZvcm0tY3J5cHRvLXRyYWRlLWdyb3VwL9IBZmh0dHBzOi8vd3d3LnRoaW5rYWR2aXNvci5jb20vMjAyMS8wNC8wNi9maWRlbGl0eS1vdGhlci1pbnZlc3RtZW50LWZpcm1zLWZvcm0tY3J5cHRvLXRyYWRlLWdyb3VwLz9hbXA9MQ?hl=en-US&gl=US&ceid=US%3Aen,"Fidelity, Other Investment Firms Form Crypto Lobbying Group",The Crypto Council for Innovation also includes Coinbase Square and Paradigm.
4/6/2021,news.google.com/./articles/CAIiEEdwrOQZNs9Le2dVvQvF90oqGQgEKhAIACoHCAow2Nb3CjDivdcCMMPf7gU?hl=en-US&gl=US&ceid=US%3Aen,Coinbase estimates Q1 revenue jumped nine-fold to about $1.8 billion ahead of public market debut,Coinbase updated investors with first quarter financials as the company prepares for its direct listing on the Nasdaq next week.
4/9/2021,news.google.com/./articles/CBMiYmh0dHBzOi8vd3d3LmZpbmV4dHJhLmNvbS9uZXdzYXJ0aWNsZS8zNzgzMy9tb25leWxpb24tbW92ZXMtaW50by1jcnlwdG8td2l0aC1pbnZlc3RtZW50LWluLXplcm9oYXNo0gEA?hl=en-US&gl=US&ceid=US%3Aen,MoneyLion moves into crypto with investment in ZeroHash - Finextra,MoneyLion is to add a crypto-based investing and rewards offering to its mobile financial platform after acquiring a stake in digital asset settlement provider Zero ...
4/9/2021,news.google.com/./articles/CBMiPmh0dHBzOi8vd3d3LmJlbnppbmdhLmNvbS9tb25leS90b3AtNS1iaXRjb2luLWFuZC1jcnlwdG8tc2NhbXMv0gEA?hl=en-US&gl=US&ceid=US%3Aen,Top 5 Bitcoin and Crypto Scams • Benzinga,"If you unwittingly fall victim to one of these scams, your avenues of recourse will be limited (and possibly nonexistent). Avoid those scams."
4/5/2021,news.google.com/./articles/CBMiuQFodHRwczovL3d3dy5mb3JiZXMuY29tL3NpdGVzL2JpbGx5YmFtYnJvdWdoLzIwMjEvMDQvMDUvYml0Y29pbi1hbmQtY3J5cHRvLW1hcmtldC1zbWFzaGVzLXRocm91Z2gtMi10cmlsbGlvbi1hcy10aGUtcHJpY2Utb2YtZXRoZXJldW0tYmluYW5jZS1jb2luLWxpdGVjb2luLWFuZC1yaXBwbGVzLXhycC1zdWRkZW5seS1zb2FyL9IBvQFodHRwczovL3d3dy5mb3JiZXMuY29tL3NpdGVzL2JpbGx5YmFtYnJvdWdoLzIwMjEvMDQvMDUvYml0Y29pbi1hbmQtY3J5cHRvLW1hcmtldC1zbWFzaGVzLXRocm91Z2gtMi10cmlsbGlvbi1hcy10aGUtcHJpY2Utb2YtZXRoZXJldW0tYmluYW5jZS1jb2luLWxpdGVjb2luLWFuZC1yaXBwbGVzLXhycC1zdWRkZW5seS1zb2FyL2FtcC8?hl=en-US&gl=US&ceid=US%3Aen,"Bitcoin And Crypto Market Smashes Through $2 Trillion As The Price Of Ethereum, Binance Coin, Litecoin And Ripple's XRP Suddenly Soar","Bitcoin and cryptocurrency prices have climbed today, pushing the value of the entire crpytocurrency market over $2 trillion for the first time..."
4/6/2021,news.google.com/./articles/CBMipwFodHRwczovL3d3dy5mb3JiZXMuY29tL3NpdGVzL2JpbGx5YmFtYnJvdWdoLzIwMjEvMDQvMDYvYmlsbGlvbmFpcmUtbWFyay1jdWJhbi1yZXZlYWxzLXdoeS1oZS10aGlua3MtZXRoZXJldW0td2lsbC1kd2FyZi1iaXRjb2luLWFzLWNyeXB0by1tYXJrZXQtcHJpY2UtaGl0cy0yLXRyaWxsaW9uL9IBqwFodHRwczovL3d3dy5mb3JiZXMuY29tL3NpdGVzL2JpbGx5YmFtYnJvdWdoLzIwMjEvMDQvMDYvYmlsbGlvbmFpcmUtbWFyay1jdWJhbi1yZXZlYWxzLXdoeS1oZS10aGlua3MtZXRoZXJldW0td2lsbC1kd2FyZi1iaXRjb2luLWFzLWNyeXB0by1tYXJrZXQtcHJpY2UtaGl0cy0yLXRyaWxsaW9uL2FtcC8?hl=en-US&gl=US&ceid=US%3Aen,Billionaire Mark Cuban Reveals Why He Thinks Ethereum Will 'Dwarf' Bitcoin As Crypto Market Price Hits $2 Trillion,"Mark Cuban, the billionaire investor made famous by the reality television series Shark Tank, has changed his tune on bitcoin and cryptocurrencies in recent ..."
4/9/2021,news.google.com/./articles/CBMicWh0dHBzOi8vd3d3LnRoZXN0cmVldC5jb20vY3J5cHRvL2JpdGNvaW4vcmlvdC1ibG9ja2NoYWluLWJ1eXMtbGFyZ2VzdC1hbWVyaWNhbi1jcnlwdG8tbWluaW5nLXNpdGUtZm9yLTY1MC1taWxsaW9u0gF2aHR0cHM6Ly93d3cudGhlc3RyZWV0LmNvbS9jcnlwdG8vLmFtcC9iaXRjb2luL3Jpb3QtYmxvY2tjaGFpbi1idXlzLWxhcmdlc3QtYW1lcmljYW4tY3J5cHRvLW1pbmluZy1zaXRlLWZvci02NTAtbWlsbGlvbg?hl=en-US&gl=US&ceid=US%3Aen,Riot Blockchain Buys Largest American Crypto Mining Site for $650 Million,Riot Blockchain has acquired the largest crypto mining center in the US.
4/7/2021,news.google.com/./articles/CAIiEDotsG4KsB4LXzFBYsTmr_8qFggEKg4IACoGCAowxLQ_MNevCDD45Co?hl=en-US&gl=US&ceid=US%3Aen,Bitcoin boom minted nine new cryptocurrency billionaires in one year,"NEW DELHI: From the 40% plunge in a day to below $5,000 on 11 March 2020, Bitcoin has come a long way to hit its all-time high of $61,711.87 on 13 March ..."
4/5/2021,news.google.com/./articles/CAIiEMR-Xtv5CM3E-qjuKeg6-0YqGQgEKhAIACoHCAow4uzwCjCF3bsCMKrOrwM?hl=en-US&gl=US&ceid=US%3Aen,Grayscale '100% Committed' to Making Biggest Crypto Fund an ETF,"Mining rigs operate inside racks at the CryptoUniverse cryptocurrency mining farm in Nadvoitsy, Russia, on Thursday, March 18, 2021. The rise of Bitcoin and other cryptocurrencies has prompted the greatest push yet among central banks to develop their own digital currencies. Photographer: Andrey Rudakov/Bloomberg"
4/7/2021,news.google.com/./articles/CBMiT2h0dHBzOi8vZmluYW5jZS55YWhvby5jb20vbmV3cy9zcXVhcmUtY3J5cHRvLWdyYW50LWZ1bmRzLXBvcHVsYXItMTgzNzQwOTU4Lmh0bWzSAVdodHRwczovL2ZpbmFuY2UueWFob28uY29tL2FtcGh0bWwvbmV3cy9zcXVhcmUtY3J5cHRvLWdyYW50LWZ1bmRzLXBvcHVsYXItMTgzNzQwOTU4Lmh0bWw?hl=en-US&gl=US&ceid=US%3Aen,Square Crypto's New Grant Funds Popular Bitcoin Blockchain Explorer,"Square Crypto and Gemini have doled out yet another grant, this time to two pseudonymous developers who maintain one of the most popular Bitcoin block ..."
4/7/2021,news.google.com/./articles/CBMiSGh0dHBzOi8vZmluYW5jZS55YWhvby5jb20vbmV3cy9hY2NpZGVudGFsLWNyeXB0by1sb2JieWlzdC0xNzAxMjQzNjguaHRtbNIBUGh0dHBzOi8vZmluYW5jZS55YWhvby5jb20vYW1waHRtbC9uZXdzL2FjY2lkZW50YWwtY3J5cHRvLWxvYmJ5aXN0LTE3MDEyNDM2OC5odG1s?hl=en-US&gl=US&ceid=US%3Aen,The Accidental Crypto Lobbyist,Our reporter contacts state lawmakers for clarification and ends up inadvertently reshaping a bill.
4/5/2021,news.google.com/./articles/CAIiEFlxRTegMNHyDKjSqYxB4-IqMwgEKioIACIQpzoRSNLEm6QR--MasMLSAioUCAoiEKc6EUjSxJukEfvjGrDC0gIw1KnKBg?hl=en-US&gl=US&ceid=US%3Aen,High fees and pricey cowboy boots: Why crypto spending isn't about to go mainstream,"Last month, I set out to buy my father, an avid Before the Bell reader, a non-fungible token, or NFT."
4/1/2021,news.google.com/./articles/CBMingFodHRwczovL3d3dy5yZXV0ZXJzLmNvbS9hcnRpY2xlL3VzLWNyeXB0by1jdXJyZW5jeS1pbnN1cmFuY2UtZm9jdXMvYXMtdGVzbGEtdGFrZXMtdGhlLXBsdW5nZS13YXJ5LWluc3VyZXJzLXdhdGNoLWNyeXB0by1jcmF6ZS1mcm9tLXRoZS1zaWRlbGluZXMtaWRVU0tCTjJCTzVJWNIBNGh0dHBzOi8vbW9iaWxlLnJldXRlcnMuY29tL2FydGljbGUvYW1wL2lkVVNLQk4yQk81SVg?hl=en-US&gl=US&ceid=US%3Aen,"As Tesla takes the plunge, wary insurers watch crypto craze from the sidelines","If Elon Musk's Tesla wanted to insure all of its recent $1.5 billion bitcoin investment against the myriad of pitfalls it could encounter, like hacks, theft and fraud, ..."
4/9/2021,news.google.com/./articles/CBMiUWh0dHBzOi8vYXUuZmluYW5jZS55YWhvby5jb20vbmV3cy9nb2xkZnVuZC1pby1jcnlwdG8tZ2Z1bi1hbm5vdW5jZS0yMjE4MDAyODIuaHRtbNIBWWh0dHBzOi8vYXUuZmluYW5jZS55YWhvby5jb20vYW1waHRtbC9uZXdzL2dvbGRmdW5kLWlvLWNyeXB0by1nZnVuLWFubm91bmNlLTIyMTgwMDI4Mi5odG1s?hl=en-US&gl=US&ceid=US%3Aen,GoldFund.io (CRYPTO:GFUN) Announce Reduction in Circulated GFUN Tokens,"GoldFund.io (CRYPTO:GFUN), a crypto currency ecosystem for the trading of physical gold as a commodity, announces today the reduction of GFUN ERC20 ..."
4/7/2021,news.google.com/./articles/CBMiMmh0dHBzOi8vYnVpbHRpbi5jb20vYmxvY2tjaGFpbi9uZnQtY3J5cHRvYXJ0LWd1aWRl0gEA?hl=en-US&gl=US&ceid=US%3Aen,A Beginner's Guide to NFTs for Cryptoart,"By now, you've probably heard about non-fungible tokens, or NFTs for short. If you haven't, here's a quick recap: An NFT is a unique token living on a blockchain ..."
4/7/2021,news.google.com/./articles/CBMiY2h0dHBzOi8vd3d3Lm5hc2RhcS5jb20vYXJ0aWNsZXMvd3lvbWluZ3MtbmV3LW9ubGluZS1zcG9ydHMtYmV0dGluZy1sYXctb2tzLWNyeXB0by13YWdlcnMtMjAyMS0wNC0wN9IBAA?hl=en-US&gl=US&ceid=US%3Aen,Wyoming's New Online Sports Betting Law OKs Crypto Wagers,"Wyoming has legalized online sports betting with a new law that also allows gamblers to place their wagers in crypto. House bill 133, which the governor signed ..."
4/9/2021,news.google.com/./articles/CBMibWh0dHBzOi8vd3d3LmJlbnppbmdhLmNvbS9tYXJrZXRzL2NyeXB0b2N1cnJlbmN5LzIxLzA0LzIwNTU1OTI1L29waW5pb24taGV5LWJhbmtzLXdlbGNvbWUtdG8tdGhlLWNyeXB0by1tYXJrZXTSAS1odHRwczovL2FtcC5iZW56aW5nYS5jb20vYW1wL2NvbnRlbnQvMjA1NTU5MjU?hl=en-US&gl=US&ceid=US%3Aen,Opinion: Hey Banks... Welcome To The Crypto Market!,This column does not necessarily reflect the opinion of the editorial board of Benzinga. The crypto industry is maturing rapidly...
4/9/2021,news.google.com/./articles/CBMioAFodHRwczovL3d3dy5iYXlzdHJlZXQuY2Evc3RvY2tzdG93YXRjaC8xMDIxNS9WYW5jb3V2ZXItQmFzZWQtQ3J5cHRvLWFuZC1CbG9ja2NoYWluLUNvbXBhbnktQklHRy1pcy1NYWtpbmctV2F2ZXMtR2xvYmFsbHktYXMtVGhlaXItU3RvY2stUHJpY2UtUmlzZXMtdG8tTmV3LUhpZ2hz0gEA?hl=en-US&gl=US&ceid=US%3Aen,"Vancouver Based Crypto and Blockchain Company, BIGG is Making Waves Globally as Their Stock Price Rises to New Highs","VANCOUVER / USA NEWS GROUP / Since Jan 27, 2021 when BIGG Digital Assets Inc. (CSE:BIGG) (OTCBB:BBKCF) was trading at CDN$0.415 the company ..."
4/9/2021,news.google.com/./articles/CAIiEM3C2ZCpE71P2Acjdlc8l5IqGQgEKhAIACoHCAowrMuZCzDW1bEDML6F7AY?hl=en-US&gl=US&ceid=US%3Aen,Asian governments urge 'extreme caution' before buying cryptocurrency,"As Bitcoin and crypto market swells past $2 trillion, even crypto-friendly Singapore is warning public about risks. Are more regulations coming?"
4/7/2021,news.google.com/./articles/CBMiTGh0dHBzOi8vZmluYW5jZS55YWhvby5jb20vbmV3cy9jcnlwdG8tZXhjaGFuZ2UtY2djeC1pby1lbnRlcnMtMTU0ODAwOTI4Lmh0bWzSAVRodHRwczovL2ZpbmFuY2UueWFob28uY29tL2FtcGh0bWwvbmV3cy9jcnlwdG8tZXhjaGFuZ2UtY2djeC1pby1lbnRlcnMtMTU0ODAwOTI4Lmh0bWw?hl=en-US&gl=US&ceid=US%3Aen,Crypto Exchange CGCX.io Enters India to Set Up the First Insured OTC Desk and Digital Asset Custody for Cryptocurrencies,"CGCX.io, the world's first fully insured hybrid cryptocurrency trading platform, is making its next big move to provide a direct medium of exchange for traders in ..."
4/6/2021,news.google.com/./articles/CAIiEHEvfatIFOpTzLboTPxGVosqGAgEKg8IACoHCAow-KLyCTDo8XIw2a_pBQ?hl=en-US&gl=US&ceid=US%3Aen,Signal Adds a Payments Feature—With a Privacy-Focused Cryptocurrency,Illustration: Elena Lacey
4/6/2021,news.google.com/./articles/CBMiowFodHRwczovL3d3dy5mb3JiZXMuY29tL3NpdGVzL2FyaWVsc2hhcGlyby8yMDIxLzA0LzA2L3RoZS13b3JsZHMteW91bmdlc3QtYmlsbGlvbmFpcmVzLTIwMjEtaW5jbHVkZS1hLXRlZW5hZ2VyLWZyb20tZ2VybWFueS1hLWNyeXRwby1tYWduYXRlLWFuZC1hLXN0YW5mb3JkLWRyb3BvdXQv0gGnAWh0dHBzOi8vd3d3LmZvcmJlcy5jb20vc2l0ZXMvYXJpZWxzaGFwaXJvLzIwMjEvMDQvMDYvdGhlLXdvcmxkcy15b3VuZ2VzdC1iaWxsaW9uYWlyZXMtMjAyMS1pbmNsdWRlLWEtdGVlbmFnZXItZnJvbS1nZXJtYW55LWEtY3J5dHBvLW1hZ25hdGUtYW5kLWEtc3RhbmZvcmQtZHJvcG91dC9hbXAv?hl=en-US&gl=US&ceid=US%3Aen,"The World's Youngest Billionaires 2021 Include A Teenager From Germany, A Crypto Magnate And A Stanford Dropout","From an 18-year-old drugstore heir to founders of food delivery *service* DoorDash and electric vehicle parts maker Luminar, here are the ten billionaires still ..."
4/9/2021,news.google.com/./articles/CBMiUGh0dHBzOi8vZmluYW5jZS55YWhvby5jb20vdmlkZW8vY3J5cHRvLXJlYWNoZWQtdGlwcGluZy1wb2ludC1zYXlzLTIyMzEzNDExMC5odG1s0gFYaHR0cHM6Ly9maW5hbmNlLnlhaG9vLmNvbS9hbXBodG1sL3ZpZGVvL2NyeXB0by1yZWFjaGVkLXRpcHBpbmctcG9pbnQtc2F5cy0yMjMxMzQxMTAuaHRtbA?hl=en-US&gl=US&ceid=US%3Aen,"Crypto has reached the tipping point, says Fidelity's Tom Jessop","Fidelity's Tom Jessop on what the company has learned from accepting Bitcoin in its company cafeteria, how traditional financial firms have reached a tipping ..."
4/1/2021,news.google.com/./articles/CAIiEF896BXQ_aVG6kv5VymT5-QqMwgEKioIACIQNXtivaHFN0xyH0wvpOsm0yoUCAoiEDV7Yr2hxTdMch9ML6TrJtMwip_iBg?hl=en-US&gl=US&ceid=US%3Aen,"Crypto Futures Are in Contango, Creating Potential Opportunities for Savvy Traders | Market Insights",Cryptocurrencies may be new financial assets. But that's not keeping some savvy traders from using one of the oldest strategies in the book: “cash and carry” ...
4/9/2021,news.google.com/./articles/CBMiTmh0dHBzOi8vaGFja2Vybm9vbi5jb20vYW4taW50cm9kdWN0b3J5LWd1aWRlLXRvLXRoZS1jcnlwdG8tdGF4LXNlYXNvbi12aTZkMzMwOdIBAA?hl=en-US&gl=US&ceid=US%3Aen,An Introductory Guide to the Crypto Tax Season,"Whether you are an active day trader or a passive holder, taxes are likely not the first thing that comes to mind when you think about your crypto portfolio."
4/6/2021,news.google.com/./articles/CBMiUWh0dHBzOi8vZmluYW5jZS55YWhvby5jb20vbmV3cy9zaW5nYXBvcmUtY2VudHJhbC1iYW5rLXdhcm5zLWNyeXB0by0xMTQxNDUxODkuaHRtbNIBWWh0dHBzOi8vZmluYW5jZS55YWhvby5jb20vYW1waHRtbC9uZXdzL3NpbmdhcG9yZS1jZW50cmFsLWJhbmstd2FybnMtY3J5cHRvLTExNDE0NTE4OS5odG1s?hl=en-US&gl=US&ceid=US%3Aen,Singapore's Central Bank Warns Crypto 'Certainly Not Suitable for Retail Investors',"Tharman Shanmugaratnam, chairman of the Monetary Authority of Singapore (MAS), said Monday that cryptocurrency is “certainly not suitable for retail investors ..."
4/9/2021,news.google.com/./articles/CBMiaWh0dHBzOi8vd3d3LnpkbmV0LmNvbS9hcnRpY2xlL3dhc2hpbmd0b24tc3RhdGUtZWR1Y2F0aW9uYWwtb3JnYW5pemF0aW9ucy10YXJnZXRlZC1pbi1jcnlwdG9qYWNraW5nLXNwcmVlL9IBdGh0dHBzOi8vd3d3LnpkbmV0LmNvbS9nb29nbGUtYW1wL2FydGljbGUvd2FzaGluZ3Rvbi1zdGF0ZS1lZHVjYXRpb25hbC1vcmdhbml6YXRpb25zLXRhcmdldGVkLWluLWNyeXB0b2phY2tpbmctc3ByZWUv?hl=en-US&gl=US&ceid=US%3Aen,Washington State educational organizations targeted in cryptojacking spree,US educational organizations are being targeted by threat actors intent on compromising their networks to covertly mine cryptocurrency.
4/1/2021,news.google.com/./articles/CBMisQFodHRwczovL3d3dy5mb3JiZXMuY29tL3NpdGVzL2JpbGx5YmFtYnJvdWdoLzIwMjEvMDQvMDEvdGVzbGEtYmlsbGlvbmFpcmUtZWxvbi1tdXNrLXJldmVhbHMtc3BhY2V4LXBsYW4tZm9yLWpva2UtY3J5cHRvLWRvZ2Vjb2luLWFzLWJpdGNvaW4tYW5kLWV0aGVyZXVtLW5lYXItYWxsLXRpbWUtaGlnaC1wcmljZS_SAbUBaHR0cHM6Ly93d3cuZm9yYmVzLmNvbS9zaXRlcy9iaWxseWJhbWJyb3VnaC8yMDIxLzA0LzAxL3Rlc2xhLWJpbGxpb25haXJlLWVsb24tbXVzay1yZXZlYWxzLXNwYWNleC1wbGFuLWZvci1qb2tlLWNyeXB0by1kb2dlY29pbi1hcy1iaXRjb2luLWFuZC1ldGhlcmV1bS1uZWFyLWFsbC10aW1lLWhpZ2gtcHJpY2UvYW1wLw?hl=en-US&gl=US&ceid=US%3Aen,Elon Musk Tweets SpaceX Plan For 'Joke' Crypto Dogecoin As Bitcoin And Ethereum Near All-Time High Price,"Musk said his private rocket company SpaceX is going to put a ""dogecoin on the literal moon""—sending the price of the meme-based cryptocurrency up 35% as ..."
4/6/2021,news.google.com/./articles/CBMiRmh0dHBzOi8vZmluYW5jZS55YWhvby5jb20vbmV3cy9jcnlwdG8td29uLXQtbW9uZXktdW50aWwtMjExOTQyMDg3Lmh0bWzSAU5odHRwczovL2ZpbmFuY2UueWFob28uY29tL2FtcGh0bWwvbmV3cy9jcnlwdG8td29uLXQtbW9uZXktdW50aWwtMjExOTQyMDg3Lmh0bWw?hl=en-US&gl=US&ceid=US%3Aen,"Crypto Won't Be Money Until IRS Accepts It for Taxes, Top Forex Strategist Says","The greenback has something else going for it cryptocurrencies don't: the bond market, notes Marc Chandler."
4/7/2021,news.google.com/./articles/CBMiU2h0dHBzOi8vd3d3LmxleG9sb2d5LmNvbS9saWJyYXJ5L2RldGFpbC5hc3B4P2c9NTAzYWQ1MTAtNmIwYi00ZDgzLWJmNDktNTMzYTg2N2UzMmIw0gEA?hl=en-US&gl=US&ceid=US%3Aen,Crypto Regulatory Updates - April 2021,We are pleased to highlight below some key regulatory developments related to the regulation of cryptocurrencies and cryptoassets in various jurisdictions from ...
4/9/2021,news.google.com/./articles/CBMiaGh0dHBzOi8vdGVjaG5vZGUuY29tLzIwMjEvMDQvMDkvc2hhcmUtcHJpY2VzLWZvci1jcnlwdG8tcmlnLW1ha2VyLWViYW5nLWluLWZyZWUtZmFsbC1hZnRlci1zaG9ydC1yZXBvcnQv0gFoaHR0cHM6Ly90ZWNobm9kZS5jb20vMjAyMS8wNC8wOS9zaGFyZS1wcmljZXMtZm9yLWNyeXB0by1yaWctbWFrZXItZWJhbmctaW4tZnJlZS1mYWxsLWFmdGVyLXNob3J0LXJlcG9ydC8?hl=en-US&gl=US&ceid=US%3Aen,Share prices for crypto rig maker Ebang in free fall after short report,"Ebang share prices on the Nasdaq have fallen 9% since Tuesday, when short seller Hindenburg Research released a report accusing the company of a number ..."
4/9/2021,news.google.com/./articles/CBMiSmh0dHBzOi8vd3d3LnRoZXN0cmVldC5jb20vY3J5cHRvL2JpdGNvaW4vYml0Y29pbi1ldGYtd2hhdC15b3UtbmVlZC10by1rbm930gFPaHR0cHM6Ly93d3cudGhlc3RyZWV0LmNvbS9jcnlwdG8vLmFtcC9iaXRjb2luL2JpdGNvaW4tZXRmLXdoYXQteW91LW5lZWQtdG8ta25vdw?hl=en-US&gl=US&ceid=US%3Aen,Bitcoin ETFs: When They Come Out and What You Need to Know,A Bitcoin ETF could be around the corner. Here's how it could change Bitcoin and what you need to know.
4/9/2021,news.google.com/./articles/CBMiTmh0dHBzOi8vZmluYW5jZS55YWhvby5jb20vbmV3cy9iaW5hbmNlLWNvaW4tYm5iLXdoeS1pbnRlcmVzdGluZy0xMTAwNDkyNTQuaHRtbNIBVmh0dHBzOi8vZmluYW5jZS55YWhvby5jb20vYW1waHRtbC9uZXdzL2JpbmFuY2UtY29pbi1ibmItd2h5LWludGVyZXN0aW5nLTExMDA0OTI1NC5odG1s?hl=en-US&gl=US&ceid=US%3Aen,Binance Coin (BNB): Why It's So Interesting to the Cryptocurrency World,"Cryptocurrency is red hot, but if you're looking to get in on the action, you can't buy it on the stock market through a standard brokerage account like you would ..."
4/9/2021,news.google.com/./articles/CBMiZWh0dHBzOi8vd3d3LmJhcnJvbnMuY29tL2FydGljbGVzL2h1Z2UtY29pbmJhc2UtZmlyc3QtcXVhcnRlci1zZXRzLXN0YWdlLWZvci1pcG8tbmV4dC13ZWVrLTUxNjE3OTc1MDYw0gFpaHR0cHM6Ly93d3cuYmFycm9ucy5jb20vYW1wL2FydGljbGVzL2h1Z2UtY29pbmJhc2UtZmlyc3QtcXVhcnRlci1zZXRzLXN0YWdlLWZvci1pcG8tbmV4dC13ZWVrLTUxNjE3OTc1MDYw?hl=en-US&gl=US&ceid=US%3Aen,Huge Coinbase First Quarter Sets Stage for IPO Next Week,"Coinbase, which just reported a near-850% surge in first-quarter revenue, is benefiting from its early entrance in the crypto market, said Devin Ryan, a director of ..."
4/9/2021,news.google.com/./articles/CBMiX2h0dHBzOi8vcGl0Y2hib29rLmNvbS9uZXdzL2FydGljbGVzL2NyeXB0by1zdGFydHVwcy1wb3N0LXJlY29yZC1xdWFydGVyLWFzLW9wcG9ydHVuaXRpZXMtYWJvdW5k0gEA?hl=en-US&gl=US&ceid=US%3Aen,Crypto startups post record quarter as opportunities abound,"After a yearslong winter for digital currencies, it's spring fever for blockchain deals."
4/9/2021,news.google.com/./articles/CBMimQFodHRwczovL3d3dy5iZW56aW5nYS5jb20vbWFya2V0cy9jcnlwdG9jdXJyZW5jeS8yMS8wNC8yMDU1MDk2MC9iaXRjb2luLWNyZWVwcy1iYWNrLXRvd2FyZHMtNjAtMDAwLW1hcmstYXMtcm9iaW5ob29kLWtyYWtlbi1udW1iZXJzLWluZGljYXRlLWNyeXB0by1mcmVuennSAS1odHRwczovL2FtcC5iZW56aW5nYS5jb20vYW1wL2NvbnRlbnQvMjA1NTA5NjA?hl=en-US&gl=US&ceid=US%3Aen,"Bitcoin Creeps Back Toward $60,000 Mark As Robinhood, Kraken Numbers Indicate Crypto Frenzy Here To Stay",Major cryptocurrencies traded in the green on Thursday night at press time with.
4/9/2021,news.google.com/./articles/CBMiN2h0dHBzOi8vd3d3LmJlbnppbmdhLmNvbS9tb25leS9jaGFuZ2VsbHktY3J5cHRvLXJldmlldy_SAQA?hl=en-US&gl=US&ceid=US%3Aen,Changelly Crypto Review • Benzinga,"Changelly is a cryptocurrency exchange and brokerage that allows you to swap, buy and sell cryptocurrency assets. With a wide number of tokens available and ..."
4/9/2021,news.google.com/./articles/CAIiELqO8q5nAHvs1VMM2fVGuNUqEwgEKgwIACoFCAowgHkwoBEwwjU?hl=en-US&gl=US&ceid=US%3Aen,11 Things to Look for in a Cryptocurrency Exchange,Trying to choose a cryptocurrency exchange? Look for these features to choose the right platform for your investments.
4/9/2021,news.google.com/./articles/CAIiEKXl6BdvTvyg-Ck1cYJvKAkqGQgEKhAIACoHCAowxZacCzDZoLQDMNv74wY?hl=en-US&gl=US&ceid=US%3Aen,Inside Sweden's ambitious plan to turn the krona into a digital currency—and fend off the rise of crypto coins,Mikael Sjoberg—Bloomberg/Getty Images
4/9/2021,news.google.com/./articles/CBMiV2h0dHBzOi8vd3d3LmZpbmV4dHJhLmNvbS9ibG9ncG9zdGluZy8yMDE0NS9pbnZlc3RpbmctaW4tY3J5cHRvLW9uLXRoZS1uYXR1cmUtb2Ytc3Rha2luZ9IBAA?hl=en-US&gl=US&ceid=US%3Aen,Investing In Crypto: On The Nature of Staking - Finextra,"Staking is an important element of the current stage of blockchain development. The staked coins are delegated to a node, which takes part in the governance of ..."
4/9/2021,news.google.com/./articles/CBMiTmh0dHBzOi8vd3d3LmV0ZnRyZW5kcy5jb20vY3J5cHRvLWNoYW5uZWwvYXMtcm9iaW5ob29kLXNob3dzLW5vLWRlbnlpbmctY3J5cHRvL9IBUmh0dHBzOi8vd3d3LmV0ZnRyZW5kcy5jb20vY3J5cHRvLWNoYW5uZWwvYXMtcm9iaW5ob29kLXNob3dzLW5vLWRlbnlpbmctY3J5cHRvL2FtcC8?hl=en-US&gl=US&ceid=US%3Aen,Robinhood Shows There's No Denying the Popularity of Crypto,"Bitcoin is the largest digital currency, but there's ample appetite for the crypto universe at large, as confirmed by data from brokerage Robinhood."
4/9/2021,news.google.com/./articles/CBMiN2h0dHBzOi8vZGFpbHkuanN0b3Iub3JnL3doYXRzLXRoZS1kZWFsLXdpdGgtY3J5cHRvLWFydC_SAQA?hl=en-US&gl=US&ceid=US%3Aen,What's the Deal with Crypto Art?,"The whole subject of crypto technology can seem surreal, esoteric, almost comically futuristic. So when a digital file built on blockchain technology sells at ..."
4/9/2021,news.google.com/./articles/CBMiemh0dHBzOi8vd3d3Lm5hc2RhcS5jb20vYXJ0aWNsZXMvdWtyYWluaWFuLW9mZmljaWFscy1iYWNrdHJhY2stb24tY3J5cHRvLXdlYWx0aC1jbGFpbXMtYXMtZmVkcy1wcm9taXNlLXByb2JlJTNBLXJlcG9ydC0yMDIx0gEA?hl=en-US&gl=US&ceid=US%3Aen,Ukrainian Officials Backtrack on Crypto Wealth Claims as Feds Promise Probe: Report,Ukrainian public officials who reported eye-popping numbers of bitcoin in their property declarations might be having some regrets after the nation's ...
4/8/2021,news.google.com/./articles/CAIiEIXYG4WUWoRm_Od_xQ20YegqGQgEKhAIACoHCAow4uzwCjCF3bsCMIrOrwM?hl=en-US&gl=US&ceid=US%3Aen,Binance CEO Goes All-in on Tokens: 'I Just Want to Keep Crypto',Featured in the April/May issue of Bloomberg Markets Illustration: Dani Choi for Bloomberg Markets
4/9/2021,news.google.com/./articles/CAIiEIGjmCAjo4hgVspJduUaG8EqFwgEKg8IACoHCAow-4fWBzD4z0gwwtp6?hl=en-US&gl=US&ceid=US%3Aen,Auction house sales to test collectors' appetite for crypto-art,The hype around crypto-art will be put to the test next week when two of the world's leading auction houses launch their first sales of digital tokens. Sales of ...
4/7/2021,news.google.com/./articles/CAIiEMIZOUOTy-cQAs5nOqeCz4EqGQgEKhAIACoHCAow4uzwCjCF3bsCMIrOrwM?hl=en-US&gl=US&ceid=US%3Aen,Bitcoin (BTC USD) Cryptocurrency Price: Singapore Warns Public Against Crypto,"Mining devices at the CryptoUniverse cryptocurrency mining farm in Nadvoitsy, Russia. Photographer: Andrey Rudakov/Bloomberg"
4/9/2021,news.google.com/./articles/CBMiPmh0dHBzOi8vd3d3LmJlbnppbmdhLmNvbS9tb25leS90b3AtNS1iaXRjb2luLWFuZC1jcnlwdG8tc2NhbXMv0gEA?hl=en-US&gl=US&ceid=US%3Aen,Top 5 Bitcoin and Crypto Scams • Benzinga,"If you unwittingly fall victim to one of these scams, your avenues of recourse will be limited (and possibly nonexistent). Avoid those scams."
4/9/2021,news.google.com/./articles/CBMiamh0dHBzOi8vd3d3LmJpempvdXJuYWxzLmNvbS9hdXN0aW4vbmV3cy8yMDIxLzA0LzA5L2NvaW5iYXNlLWVhcmx5LWludmVzdG9yLWV4cGVjdHMtbWFueS1vZi1jcnlwdG8tcy1mLmh0bWzSAQA?hl=en-US&gl=US&ceid=US%3Aen,"Austin, Miami put up as hot spots for cryptocurrency","Asked whether Miami and Austin are the leading cities for crypto startups in the United States, a major investor said, “Without a doubt.”"
4/7/2021,news.google.com/./articles/CBMiYGh0dHBzOi8vd3d3LnRoaW5rYWR2aXNvci5jb20vMjAyMS8wNC8wNi9maWRlbGl0eS1vdGhlci1pbnZlc3RtZW50LWZpcm1zLWZvcm0tY3J5cHRvLXRyYWRlLWdyb3VwL9IBZmh0dHBzOi8vd3d3LnRoaW5rYWR2aXNvci5jb20vMjAyMS8wNC8wNi9maWRlbGl0eS1vdGhlci1pbnZlc3RtZW50LWZpcm1zLWZvcm0tY3J5cHRvLXRyYWRlLWdyb3VwLz9hbXA9MQ?hl=en-US&gl=US&ceid=US%3Aen,"Fidelity, Other Investment Firms Form Crypto Lobbying Group",The Crypto Council for Innovation also includes Coinbase Square and Paradigm.
4/7/2021,news.google.com/./articles/CAIiEEdwrOQZNs9Le2dVvQvF90oqGQgEKhAIACoHCAow2Nb3CjDivdcCMMPf7gU?hl=en-US&gl=US&ceid=US%3Aen,Coinbase estimates Q1 revenue jumped nine-fold to about $1.8 billion ahead of public market debut,Coinbase updated investors with first quarter financials as the company prepares for its direct listing on the Nasdaq next week.
4/9/2021,news.google.com/./articles/CBMiYmh0dHBzOi8vd3d3LmZpbmV4dHJhLmNvbS9uZXdzYXJ0aWNsZS8zNzgzMy9tb25leWxpb24tbW92ZXMtaW50by1jcnlwdG8td2l0aC1pbnZlc3RtZW50LWluLXplcm9oYXNo0gEA?hl=en-US&gl=US&ceid=US%3Aen,MoneyLion moves into crypto with investment in ZeroHash - Finextra,MoneyLion is to add a crypto-based investing and rewards offering to its mobile financial platform after acquiring a stake in digital asset settlement provider Zero ...
4/6/2021,news.google.com/./articles/CBMiuQFodHRwczovL3d3dy5mb3JiZXMuY29tL3NpdGVzL2JpbGx5YmFtYnJvdWdoLzIwMjEvMDQvMDUvYml0Y29pbi1hbmQtY3J5cHRvLW1hcmtldC1zbWFzaGVzLXRocm91Z2gtMi10cmlsbGlvbi1hcy10aGUtcHJpY2Utb2YtZXRoZXJldW0tYmluYW5jZS1jb2luLWxpdGVjb2luLWFuZC1yaXBwbGVzLXhycC1zdWRkZW5seS1zb2FyL9IBvQFodHRwczovL3d3dy5mb3JiZXMuY29tL3NpdGVzL2JpbGx5YmFtYnJvdWdoLzIwMjEvMDQvMDUvYml0Y29pbi1hbmQtY3J5cHRvLW1hcmtldC1zbWFzaGVzLXRocm91Z2gtMi10cmlsbGlvbi1hcy10aGUtcHJpY2Utb2YtZXRoZXJldW0tYmluYW5jZS1jb2luLWxpdGVjb2luLWFuZC1yaXBwbGVzLXhycC1zdWRkZW5seS1zb2FyL2FtcC8?hl=en-US&gl=US&ceid=US%3Aen,"Bitcoin And Crypto Market Smashes Through $2 Trillion As The Price Of Ethereum, Binance Coin, Litecoin And Ripple's XRP Suddenly Soar","Bitcoin and cryptocurrency prices have climbed today, pushing the value of the entire crpytocurrency market over $2 trillion for the first time..."
4/4/2021,news.google.com/./articles/CAIiEARaUtmvn3Gsq1rc7gtIclYqFQgEKg0IACoGCAowrqkBMKBFMLKAAg?hl=en-US&gl=US&ceid=US%3Aen,10 Largest Venture Rounds In Crypto And Blockchain Forbes #10,"In March, three crypto startups raised some of the largest capital raises in the industry's history. Here are the top ten."
4/7/2021,news.google.com/./articles/CBMipwFodHRwczovL3d3dy5mb3JiZXMuY29tL3NpdGVzL2JpbGx5YmFtYnJvdWdoLzIwMjEvMDQvMDYvYmlsbGlvbmFpcmUtbWFyay1jdWJhbi1yZXZlYWxzLXdoeS1oZS10aGlua3MtZXRoZXJldW0td2lsbC1kd2FyZi1iaXRjb2luLWFzLWNyeXB0by1tYXJrZXQtcHJpY2UtaGl0cy0yLXRyaWxsaW9uL9IBqwFodHRwczovL3d3dy5mb3JiZXMuY29tL3NpdGVzL2JpbGx5YmFtYnJvdWdoLzIwMjEvMDQvMDYvYmlsbGlvbmFpcmUtbWFyay1jdWJhbi1yZXZlYWxzLXdoeS1oZS10aGlua3MtZXRoZXJldW0td2lsbC1kd2FyZi1iaXRjb2luLWFzLWNyeXB0by1tYXJrZXQtcHJpY2UtaGl0cy0yLXRyaWxsaW9uL2FtcC8?hl=en-US&gl=US&ceid=US%3Aen,Billionaire Mark Cuban Reveals Why He Thinks Ethereum Will 'Dwarf' Bitcoin As Crypto Market Price Hits $2 Trillion,"Mark Cuban, the billionaire investor made famous by the reality television series Shark Tank, has changed his tune on bitcoin and cryptocurrencies in recent ..."
4/7/2021,news.google.com/./articles/CAIiEC6ebAXu802QQLQEVIBB8RUqFQgEKg0IACoGCAowrqkBMKBFMLKAAg?hl=en-US&gl=US&ceid=US%3Aen,The Cryptocurrency Tycoons On Forbes' 2021 Billionaires List,It's a digital gold rush. The surge in the value of Bitcoin and other cryptocurrencies pushed nine new crypto billionaires onto the Forbes list.
4/9/2021,news.google.com/./articles/CBMicWh0dHBzOi8vd3d3LnRoZXN0cmVldC5jb20vY3J5cHRvL2JpdGNvaW4vcmlvdC1ibG9ja2NoYWluLWJ1eXMtbGFyZ2VzdC1hbWVyaWNhbi1jcnlwdG8tbWluaW5nLXNpdGUtZm9yLTY1MC1taWxsaW9u0gF2aHR0cHM6Ly93d3cudGhlc3RyZWV0LmNvbS9jcnlwdG8vLmFtcC9iaXRjb2luL3Jpb3QtYmxvY2tjaGFpbi1idXlzLWxhcmdlc3QtYW1lcmljYW4tY3J5cHRvLW1pbmluZy1zaXRlLWZvci02NTAtbWlsbGlvbg?hl=en-US&gl=US&ceid=US%3Aen,Riot Blockchain Buys Largest American Crypto Mining Site for $650 Million,Riot Blockchain has acquired the largest crypto mining center in the US.
4/5/2021,news.google.com/./articles/CAIiELo_CTBKdtGo02_VjGymkeAqGQgEKhAIACoHCAow4uzwCjCF3bsCMIrOrwM?hl=en-US&gl=US&ceid=US%3Aen,A 33-Year-Old Fueling Crypto Boom Is Worrying Thai Regulators,Atichanan Pulges
4/8/2021,news.google.com/./articles/CBMiT2h0dHBzOi8vZmluYW5jZS55YWhvby5jb20vbmV3cy9zcXVhcmUtY3J5cHRvLWdyYW50LWZ1bmRzLXBvcHVsYXItMTgzNzQwOTU4Lmh0bWzSAVdodHRwczovL2ZpbmFuY2UueWFob28uY29tL2FtcGh0bWwvbmV3cy9zcXVhcmUtY3J5cHRvLWdyYW50LWZ1bmRzLXBvcHVsYXItMTgzNzQwOTU4Lmh0bWw?hl=en-US&gl=US&ceid=US%3Aen,Square Crypto's New Grant Funds Popular Bitcoin Blockchain Explorer,"Square Crypto and Gemini have doled out yet another grant, this time to two pseudonymous developers who maintain one of the most popular Bitcoin block ..."
4/6/2021,news.google.com/./articles/CAIiEFlxRTegMNHyDKjSqYxB4-IqMwgEKioIACIQpzoRSNLEm6QR--MasMLSAioUCAoiEKc6EUjSxJukEfvjGrDC0gIw1KnKBg?hl=en-US&gl=US&ceid=US%3Aen,High fees and pricey cowboy boots: Why crypto spending isn't about to go mainstream,"Last month, I set out to buy my father, an avid Before the Bell reader, a non-fungible token, or NFT."
4/8/2021,news.google.com/./articles/CBMiSGh0dHBzOi8vZmluYW5jZS55YWhvby5jb20vbmV3cy9hY2NpZGVudGFsLWNyeXB0by1sb2JieWlzdC0xNzAxMjQzNjguaHRtbNIBUGh0dHBzOi8vZmluYW5jZS55YWhvby5jb20vYW1waHRtbC9uZXdzL2FjY2lkZW50YWwtY3J5cHRvLWxvYmJ5aXN0LTE3MDEyNDM2OC5odG1s?hl=en-US&gl=US&ceid=US%3Aen,The Accidental Crypto Lobbyist,Our reporter contacts state lawmakers for clarification and ends up inadvertently reshaping a bill.
4/2/2021,news.google.com/./articles/CBMingFodHRwczovL3d3dy5yZXV0ZXJzLmNvbS9hcnRpY2xlL3VzLWNyeXB0by1jdXJyZW5jeS1pbnN1cmFuY2UtZm9jdXMvYXMtdGVzbGEtdGFrZXMtdGhlLXBsdW5nZS13YXJ5LWluc3VyZXJzLXdhdGNoLWNyeXB0by1jcmF6ZS1mcm9tLXRoZS1zaWRlbGluZXMtaWRVU0tCTjJCTzVJWNIBNGh0dHBzOi8vbW9iaWxlLnJldXRlcnMuY29tL2FydGljbGUvYW1wL2lkVVNLQk4yQk81SVg?hl=en-US&gl=US&ceid=US%3Aen,"As Tesla takes the plunge, wary insurers watch crypto craze from the sidelines","If Elon Musk's Tesla wanted to insure all of its recent $1.5 billion bitcoin investment against the myriad of pitfalls it could encounter, like hacks, theft and fraud, ..."
4/9/2021,news.google.com/./articles/CBMiUWh0dHBzOi8vYXUuZmluYW5jZS55YWhvby5jb20vbmV3cy9nb2xkZnVuZC1pby1jcnlwdG8tZ2Z1bi1hbm5vdW5jZS0yMjE4MDAyODIuaHRtbNIBWWh0dHBzOi8vYXUuZmluYW5jZS55YWhvby5jb20vYW1waHRtbC9uZXdzL2dvbGRmdW5kLWlvLWNyeXB0by1nZnVuLWFubm91bmNlLTIyMTgwMDI4Mi5odG1s?hl=en-US&gl=US&ceid=US%3Aen,GoldFund.io (CRYPTO:GFUN) Announce Reduction in Circulated GFUN Tokens,"GoldFund.io (CRYPTO:GFUN), a crypto currency ecosystem for the trading of physical gold as a commodity, announces today the reduction of GFUN ERC20 ..."
4/8/2021,news.google.com/./articles/CBMiMmh0dHBzOi8vYnVpbHRpbi5jb20vYmxvY2tjaGFpbi9uZnQtY3J5cHRvYXJ0LWd1aWRl0gEA?hl=en-US&gl=US&ceid=US%3Aen,A Beginner's Guide to NFTs for Cryptoart,"By now, you've probably heard about non-fungible tokens, or NFTs for short. If you haven't, here's a quick recap: An NFT is a unique token living on a blockchain ..."
4/8/2021,news.google.com/./articles/CBMiY2h0dHBzOi8vd3d3Lm5hc2RhcS5jb20vYXJ0aWNsZXMvd3lvbWluZ3MtbmV3LW9ubGluZS1zcG9ydHMtYmV0dGluZy1sYXctb2tzLWNyeXB0by13YWdlcnMtMjAyMS0wNC0wN9IBAA?hl=en-US&gl=US&ceid=US%3Aen,Wyoming's New Online Sports Betting Law OKs Crypto Wagers,"Wyoming has legalized online sports betting with a new law that also allows gamblers to place their wagers in crypto. House bill 133, which the governor signed ..."
4/9/2021,news.google.com/./articles/CBMibWh0dHBzOi8vd3d3LmJlbnppbmdhLmNvbS9tYXJrZXRzL2NyeXB0b2N1cnJlbmN5LzIxLzA0LzIwNTU1OTI1L29waW5pb24taGV5LWJhbmtzLXdlbGNvbWUtdG8tdGhlLWNyeXB0by1tYXJrZXTSAS1odHRwczovL2FtcC5iZW56aW5nYS5jb20vYW1wL2NvbnRlbnQvMjA1NTU5MjU?hl=en-US&gl=US&ceid=US%3Aen,Opinion: Hey Banks... Welcome To The Crypto Market!,This column does not necessarily reflect the opinion of the editorial board of Benzinga. The crypto industry is maturing rapidly...
4/7/2021,news.google.com/./articles/CBMiowFodHRwczovL3d3dy5mb3JiZXMuY29tL3NpdGVzL2FyaWVsc2hhcGlyby8yMDIxLzA0LzA2L3RoZS13b3JsZHMteW91bmdlc3QtYmlsbGlvbmFpcmVzLTIwMjEtaW5jbHVkZS1hLXRlZW5hZ2VyLWZyb20tZ2VybWFueS1hLWNyeXRwby1tYWduYXRlLWFuZC1hLXN0YW5mb3JkLWRyb3BvdXQv0gGnAWh0dHBzOi8vd3d3LmZvcmJlcy5jb20vc2l0ZXMvYXJpZWxzaGFwaXJvLzIwMjEvMDQvMDYvdGhlLXdvcmxkcy15b3VuZ2VzdC1iaWxsaW9uYWlyZXMtMjAyMS1pbmNsdWRlLWEtdGVlbmFnZXItZnJvbS1nZXJtYW55LWEtY3J5dHBvLW1hZ25hdGUtYW5kLWEtc3RhbmZvcmQtZHJvcG91dC9hbXAv?hl=en-US&gl=US&ceid=US%3Aen,"The World's Youngest Billionaires 2021 Include A Teenager From Germany, A Crypto Magnate And A Stanford Dropout","From an 18-year-old drugstore heir to founders of food delivery *service* DoorDash and electric vehicle parts maker Luminar, here are the ten billionaires still ..."
4/9/2021,news.google.com/./articles/CAIiEM3C2ZCpE71P2Acjdlc8l5IqGQgEKhAIACoHCAowrMuZCzDW1bEDML6F7AY?hl=en-US&gl=US&ceid=US%3Aen,Asian governments urge 'extreme caution' before buying cryptocurrency,"As Bitcoin and crypto market swells past $2 trillion, even crypto-friendly Singapore is warning public about risks. Are more regulations coming?"
4/8/2021,news.google.com/./articles/CBMiTGh0dHBzOi8vZmluYW5jZS55YWhvby5jb20vbmV3cy9jcnlwdG8tZXhjaGFuZ2UtY2djeC1pby1lbnRlcnMtMTU0ODAwOTI4Lmh0bWzSAVRodHRwczovL2ZpbmFuY2UueWFob28uY29tL2FtcGh0bWwvbmV3cy9jcnlwdG8tZXhjaGFuZ2UtY2djeC1pby1lbnRlcnMtMTU0ODAwOTI4Lmh0bWw?hl=en-US&gl=US&ceid=US%3Aen,Crypto Exchange CGCX.io Enters India to Set Up the First Insured OTC Desk and Digital Asset Custody for Cryptocurrencies,"CGCX.io, the world's first fully insured hybrid cryptocurrency trading platform, is making its next big move to provide a direct medium of exchange for traders in ..."
4/7/2021,news.google.com/./articles/CAIiEHEvfatIFOpTzLboTPxGVosqGAgEKg8IACoHCAow-KLyCTDo8XIw2a_pBQ?hl=en-US&gl=US&ceid=US%3Aen,Signal Adds a Payments Feature—With a Privacy-Focused Cryptocurrency,Illustration: Elena Lacey
4/2/2021,news.google.com/./articles/CAIiEF896BXQ_aVG6kv5VymT5-QqMwgEKioIACIQNXtivaHFN0xyH0wvpOsm0yoUCAoiEDV7Yr2hxTdMch9ML6TrJtMwip_iBg?hl=en-US&gl=US&ceid=US%3Aen,"Crypto Futures Are in Contango, Creating Potential Opportunities for Savvy Traders | Market Insights",Cryptocurrencies may be new financial assets. But that's not keeping some savvy traders from using one of the oldest strategies in the book: “cash and carry” ...
4/7/2021,news.google.com/./articles/CBMiUWh0dHBzOi8vZmluYW5jZS55YWhvby5jb20vbmV3cy9zaW5nYXBvcmUtY2VudHJhbC1iYW5rLXdhcm5zLWNyeXB0by0xMTQxNDUxODkuaHRtbNIBWWh0dHBzOi8vZmluYW5jZS55YWhvby5jb20vYW1waHRtbC9uZXdzL3NpbmdhcG9yZS1jZW50cmFsLWJhbmstd2FybnMtY3J5cHRvLTExNDE0NTE4OS5odG1s?hl=en-US&gl=US&ceid=US%3Aen,Singapore's Central Bank Warns Crypto 'Certainly Not Suitable for Retail Investors',"Tharman Shanmugaratnam, chairman of the Monetary Authority of Singapore (MAS), said Monday that cryptocurrency is “certainly not suitable for retail investors ..."
4/9/2021,news.google.com/./articles/CBMiTmh0dHBzOi8vaGFja2Vybm9vbi5jb20vYW4taW50cm9kdWN0b3J5LWd1aWRlLXRvLXRoZS1jcnlwdG8tdGF4LXNlYXNvbi12aTZkMzMwOdIBAA?hl=en-US&gl=US&ceid=US%3Aen,An Introductory Guide to the Crypto Tax Season,"Whether you are an active day trader or a passive holder, taxes are likely not the first thing that comes to mind when you think about your crypto portfolio."
4/2/2021,news.google.com/./articles/CBMisQFodHRwczovL3d3dy5mb3JiZXMuY29tL3NpdGVzL2JpbGx5YmFtYnJvdWdoLzIwMjEvMDQvMDEvdGVzbGEtYmlsbGlvbmFpcmUtZWxvbi1tdXNrLXJldmVhbHMtc3BhY2V4LXBsYW4tZm9yLWpva2UtY3J5cHRvLWRvZ2Vjb2luLWFzLWJpdGNvaW4tYW5kLWV0aGVyZXVtLW5lYXItYWxsLXRpbWUtaGlnaC1wcmljZS_SAbUBaHR0cHM6Ly93d3cuZm9yYmVzLmNvbS9zaXRlcy9iaWxseWJhbWJyb3VnaC8yMDIxLzA0LzAxL3Rlc2xhLWJpbGxpb25haXJlLWVsb24tbXVzay1yZXZlYWxzLXNwYWNleC1wbGFuLWZvci1qb2tlLWNyeXB0by1kb2dlY29pbi1hcy1iaXRjb2luLWFuZC1ldGhlcmV1bS1uZWFyLWFsbC10aW1lLWhpZ2gtcHJpY2UvYW1wLw?hl=en-US&gl=US&ceid=US%3Aen,Elon Musk Tweets SpaceX Plan For 'Joke' Crypto Dogecoin As Bitcoin And Ethereum Near All-Time High Price,"Musk said his private rocket company SpaceX is going to put a ""dogecoin on the literal moon""—sending the price of the meme-based cryptocurrency up 35% as ..."
4/7/2021,news.google.com/./articles/CBMiRmh0dHBzOi8vZmluYW5jZS55YWhvby5jb20vbmV3cy9jcnlwdG8td29uLXQtbW9uZXktdW50aWwtMjExOTQyMDg3Lmh0bWzSAU5odHRwczovL2ZpbmFuY2UueWFob28uY29tL2FtcGh0bWwvbmV3cy9jcnlwdG8td29uLXQtbW9uZXktdW50aWwtMjExOTQyMDg3Lmh0bWw?hl=en-US&gl=US&ceid=US%3Aen,"Crypto Won't Be Money Until IRS Accepts It for Taxes, Top Forex Strategist Says","The greenback has something else going for it cryptocurrencies don't: the bond market, notes Marc Chandler."
4/7/2021,news.google.com/./articles/CAIiEKjcMdOSzy_qkIxgcRMLBfAqGQgEKhAIACoHCAowqMGXCzCp6q4DMJGZ1gY?hl=en-US&gl=US&ceid=US%3Aen,Grayscale 'committed' to making biggest crypto fund an ETF,Grayscale Investments said it is committed to flipping its cryptocurrency trust into an exchange-traded fund as soon as U.S. regulators allow.
4/8/2021,news.google.com/./articles/CBMiU2h0dHBzOi8vd3d3LmxleG9sb2d5LmNvbS9saWJyYXJ5L2RldGFpbC5hc3B4P2c9NTAzYWQ1MTAtNmIwYi00ZDgzLWJmNDktNTMzYTg2N2UzMmIw0gEA?hl=en-US&gl=US&ceid=US%3Aen,Crypto Regulatory Updates - April 2021,We are pleased to highlight below some key regulatory developments related to the regulation of cryptocurrencies and cryptoassets in various jurisdictions from ...
